<?xml version="1.0" encoding="utf-8"?>
<domain project-version="7">
	<map name="datamap"/>

	<node name="datanode"
		 factory="org.apache.cayenne.configuration.server.XMLPoolingDataSourceFactory"
		 schema-update-strategy="org.apache.cayenne.access.dbsync.CreateIfNoSchemaStrategy"
		>
		<map-ref name="datamap"/>
		<data-source>
			<driver value="org.apache.derby.jdbc.EmbeddedDriver"/>
			<url value="jdbc:derby:memory:testdb;create=true"/>
			<connectionPool min="1" max="1"/>
			<login/>
		</data-source>
	</node>
</domain>
