<?xml version="1.0" encoding="utf-8"?>
<data-map xmlns="http://cayenne.apache.org/schema/7/modelMap"
	 xmlns:xsi="http://www.w3.org/2001/XMLSchema-instance"
	 xsi:schemaLocation="http://cayenne.apache.org/schema/7/modelMap http://cayenne.apache.org/schema/7/modelMap.xsd"
	 project-version="7">
	<property name="defaultPackage" value="org.example.cayenne.persistent"/>
	<db-entity name="ARTIST">
		<db-attribute name="DATE_OF_BIRTH" type="DATE"/>
		<db-attribute name="ID" type="INTEGER" isPrimaryKey="true" isMandatory="true"/>
		<db-attribute name="NAME" type="VARCHAR" length="200"/>
	</db-entity>
	<db-entity name="GALLERY">
		<db-attribute name="ID" type="INTEGER" isPrimaryKey="true" isMandatory="true"/>
		<db-attribute name="NAME" type="VARCHAR" length="200"/>
	</db-entity>
	<db-entity name="PAINTING ">
		<db-attribute name="ARTIST_ID" type="INTEGER"/>
		<db-attribute name="GALLERY_ID" type="INTEGER"/>
		<db-attribute name="ID" type="INTEGER" isPrimaryKey="true" isMandatory="true"/>
		<db-attribute name="NAME" type="VARCHAR" length="200"/>
	</db-entity>
	<obj-entity name="Artist" className="org.example.cayenne.persistent.Artist" readOnly="true" dbEntityName="ARTIST">
		<obj-attribute name="dateOfBirth" type="java.util.Date" db-attribute-path="DATE_OF_BIRTH"/>
		<obj-attribute name="name" type="java.lang.String" db-attribute-path="NAME"/>
	</obj-entity>
	<obj-entity name="Gallery" className="org.example.cayenne.persistent.Gallery" dbEntityName="GALLERY">
		<obj-attribute name="name" type="java.lang.String" db-attribute-path="NAME"/>
	</obj-entity>
	<obj-entity name="Painting" className="org.example.cayenne.persistent.Painting" dbEntityName="PAINTING ">
		<obj-attribute name="name" type="java.lang.String" db-attribute-path="NAME"/>
	</obj-entity>
	<db-relationship name="paintings" source="ARTIST" target="PAINTING " toMany="true">
		<db-attribute-pair source="ID" target="ARTIST_ID"/>
	</db-relationship>
	<db-relationship name="painting" source="GALLERY" target="PAINTING " toMany="false">
		<db-attribute-pair source="ID" target="GALLERY_ID"/>
	</db-relationship>
	<db-relationship name="artist" source="PAINTING " target="ARTIST" toMany="false">
		<db-attribute-pair source="ARTIST_ID" target="ID"/>
	</db-relationship>
	<db-relationship name="gallerys" source="PAINTING " target="GALLERY" toMany="true">
		<db-attribute-pair source="GALLERY_ID" target="ID"/>
	</db-relationship>
	<obj-relationship name="paintings" source="Artist" target="Painting" deleteRule="Deny" db-relationship-path="paintings"/>
	<obj-relationship name="painting" source="Gallery" target="Painting" deleteRule="Nullify" db-relationship-path="painting"/>
	<obj-relationship name="artist" source="Painting" target="Artist" deleteRule="Nullify" db-relationship-path="artist"/>
	<obj-relationship name="gallerys" source="Painting" target="Gallery" deleteRule="Deny" db-relationship-path="gallerys"/>
</data-map>
